<?xml version="1.0" encoding="UTF-8"?>
<metadata xml:lang="en"><Esri><CreaDate>20211103</CreaDate><CreaTime>16435900</CreaTime><ArcGISFormat>1.0</ArcGISFormat><SyncOnce>TRUE</SyncOnce><ModDate>20221010</ModDate><ModTime>161536</ModTime><DataProperties><lineage><Process ToolSource="c:\program files\arcgis\pro\Resources\ArcToolbox\toolboxes\Data Management Tools.tbx\Rename" Date="20221010" Time="161536">Rename "C:\Users\j52d\OneDrive - PGE\Documents\ArcGIS\Toolboxes\Toolboxes\Audit Maker Files\audit_maker.pyt" "C:\Users\j52d\OneDrive - PGE\Documents\ArcGIS\Toolboxes\Toolboxes\Audit Maker Files\2_audit_maker.pyt" #</Process></lineage></DataProperties></Esri><toolbox name="2_audit_maker" alias="audit_maker"><arcToolboxHelpPath>c:\program files\arcgis\pro\Resources\Help\gp</arcToolboxHelpPath><toolsets/></toolbox><dataIdInfo><idCitation><resTitle>2_audit_maker</resTitle></idCitation></dataIdInfo><distInfo><distributor><distorFormat><formatName>ArcToolbox Toolbox</formatName></distorFormat></distributor></distInfo></metadata>
